MonthName,Year,value_final
April,2011,2.26
January,2015,0.0
February,2015,5.272
April,2015,3.048
May,2015,1.222
June,2015,3.533
July,2015,3.1319999999999997
August,2015,17.137999999999998
September,2015,6.4239999999999995
November,2015,2.404
December,2015,2.505
