MonthName,Year,value_final
January,2008,59.07
February,2008,50.599999999999994
April,2008,63.300000000000004
June,2008,15.7
September,2008,73.0
October,2008,68.0
November,2008,75.0
December,2008,62.0
April,2009,167.0
May,2009,130.0
September,2009,196.0
October,2012,88.0
November,2012,79.0
